Title,Category,Date,TEST
Wii,2,01-05-2022,40
Lidl,1,01-06-2022,19
Migros,1,03-06-2022,22
Health Insurance,5,01-08-2022,67
Stocks,6,01-09-2022,250
Clothes,4,01-04-2022,36
denner,1,04-05-2022,12.75
Bern to PSI,3,30-04-2022,15.4
PSI to Bern,3,30-04-2022,18
100/101 Monthly Ticktet,3,01-05-2022,60
rent,5,01-05-2022,350
Boardgame,2,12-12-2022,50.0
